BREF_0001_LP,LP
BREF_0002_LP,LP
BREF_0003_LP,LP
BREF_0004_LP,LP
BREF_0005_LP,LP
BREF_0006_LP,LP
BREF_0007_LP,LP
BREF_0025_LP,LP
BREF_0026_LP,LP
BREF_0027_LP,LP
BREF_0028_LP,LP
BREF_0046_LP,LP
BREF_0047_VT,VT
BREF_0048_LP,LP
BREF_0053_LP,LP
BREF_0054_LP,LP
BREF_0055_VT,VT
BREF_0056_LP,LP
BREF_0057_LP,LP
BREF_0058_LP,LP
BREF_0059_LP,LP
BREF_0060_LP,LP
BREF_0061_LP,LP
BREF_0062_LP,LP
BREF_0063_LP,LP
BREF_0070_LP,LP
BREF_0071_LP,LP
BREF_0072_VT,VT
BREF_0073_LP,LP
BREF_0074_LP,LP
BREF_0080_LP,LP
BREF_0081_LP,LP
BREF_0082_LP,LP
BREF_0083_LP,LP
BREF_0084_LP,LP
BREF_0093_LP,LP
BREF_0094_LP,LP
BREF_0095_LP,LP
BREF_0096_VT,VT
BREF_0097_LP,LP
BREF_0098_LP,LP
BREF_0099_LP,LP
BREF_0107_LP,LP
BREF_0108_LP,LP
BREF_0109_LP,LP
BREF_0110_VT,VT
BREF_0111_LP,LP
BREF_0112_LP,LP
BREF_0113_LP,LP
BREF_0123_LP,LP
BREF_0124_LP,LP
BREF_0125_LP,LP
BREF_0126_LP,LP
BREF_0127_LP,LP
BREF_0145_LP,LP
BREF_0146_LP,LP
BREF_0147_LP,LP
BREF_0148_LP,LP
BREF_0149_LP,LP
BREF_0163_LP,LP
BREF_0164_LP,LP
BREF_0165_LP,LP
BREF_0166_LP,LP
BREF_0167_LP,LP
BREF_0168_VT,VT
BREF_0169_LP,LP
BREF_0173_LP,LP
BREF_0174_VT,VT
BREF_0175_LP,LP
BREF_0184_LP,LP
BREF_0186_VT,VT
BREF_0187_LP,LP
BREF_0188_LP,LP
BREF_0189_VT,VT
BREF_0196_VT,VT
BREF_0201_LP,LP
BREF_0202_VT,VT
BREF_0203_LP,LP
BREF_0204_LP,LP
BREF_0205_LP,LP
BREF_0206_VT,VT
BREF_0207_LP,LP
BREF_0208_LP,LP
BREF_0209_LP,LP
BREF_0216_LP,LP
BREF_0217_LP,LP
BREF_0222_LP,LP
BREF_0223_VT,VT
BREF_0224_LP,LP
BREF_0234_LP,LP
BREF_0235_LP,LP
BREF_0243_LP,LP
BREF_0244_LP,LP
BREF_0245_LP,LP
BREF_0254_LP,LP
BREF_0255_LP,LP
BREF_0256_LP,LP
BREF_0257_LP,LP
BREF_0268_LP,LP
BREF_0269_VT,VT
BREF_0270_LP,LP
BREF_0271_LP,LP
BREF_0276_LP,LP
BREF_0277_LP,LP
BREF_0278_VT,VT
BREF_0279_LP,LP
BREF_0293_LP,LP
BREF_0294_VT,VT
BREF_0295_LP,LP
BREF_0296_LP,LP
BREF_0297_LP,LP
BREF_0298_LP,LP
BREF_0299_LP,LP
BREF_0300_VT,VT
BREF_0302_LP,LP
BREF_0303_VT,VT
BREF_0304_LP,LP
BREF_0305_LP,LP
BREF_0312_LP,LP
BREF_0313_LP,LP
BREF_0314_LP,LP
BREF_0315_LP,LP
BREF_0316_LP,LP
BREF_0322_LP,LP
BREF_0323_LP,LP
BREF_0324_LP,LP
BREF_0325_LP,LP
BREF_0326_LP,LP
BREF_0327_LP,LP
BREF_0328_LP,LP
BREF_0334_LP,LP
BREF_0335_LP,LP
BREF_0336_LP,LP
BREF_0337_LP,LP
BREF_0338_VT,VT
BREF_0339_LP,LP
BREF_0341_LP,LP
BREF_0342_LP,LP
BREF_0343_VT,VT
BREF_0344_LP,LP
BREF_0345_LP,LP
BREF_0354_LP,LP
BREF_0355_VT,VT
BREF_0356_LP,LP
BREF_0368_LP,LP
BREF_0369_LP,LP
BREF_0375_LP,LP
BREF_0376_VT,VT
BREF_0377_VT,VT
BREF_0378_LP,LP
BREF_0381_VT,VT
BREF_0382_LP,LP
BREF_0385_VT,VT
BREF_0386_LP,LP
BREF_0387_VT,VT
BREF_0390_VT,VT
BREF_0391_LP,LP
BREF_0401_LP,LP
BREF_0402_LP,LP
BREF_0403_LP,LP
BREF_0404_LP,LP
BREF_0405_LP,LP
BREF_0406_LP,LP
BREF_0407_LP,LP
BREF_0414_VT,VT
BREF_0415_LP,LP
BREF_0416_LP,LP
BREF_0417_VT,VT
BREF_0422_VT,VT
BREF_0423_LP,LP
BREF_0429_LP,LP
BREF_0430_LP,LP
BREF_0431_VT,VT
BREF_0432_LP,LP
BREF_0437_LP,LP
BREF_0438_LP,LP
BREF_0439_VT,VT
BREF_0440_LP,LP
BREF_0449_LP,LP
BREF_0454_LP,LP
BREF_0455_VT,VT
BREF_0456_LP,LP
BREF_0466_LP,LP
BREF_0467_VT,VT
BREF_0468_LP,LP
BREF_0473_LP,LP
BREF_0474_LP,LP
BREF_0475_VT,VT
BREF_0476_VT,VT
BREF_0477_LP,LP
BREF_0488_LP,LP
BREF_0489_VT,VT
BREF_0500_LP,LP
BREF_0501_LP,LP
BREF_0503_LP,LP
BREF_0509_LP,LP
BREF_0510_LP,LP
BREF_0511_LP,LP
BREF_0517_LP,LP
BREF_0518_LP,LP
BREF_0530_LP,LP
BREF_0531_VT,VT
BREF_0532_LP,LP
BREF_0547_LP,LP
BREF_0548_LP,LP
BREF_0549_LP,LP
BREF_0557_LP,LP
BREF_0558_LP,LP
BREF_0559_LP,LP
BREF_0568_LP,LP
BREF_0569_LP,LP
BREF_0570_LP,LP
BREF_0571_VT,VT
BREF_0572_LP,LP
BREF_0573_VT,VT
BREF_0574_LP,LP
BREF_0575_LP,LP
BREF_0586_VT,VT
BREF_0587_LP,LP
BREF_0590_LP,LP
BREF_0598_VT,VT
BREF_0599_LP,LP
BREF_0600_LP,LP
BREF_0601_LP,LP
BREF_0607_LP,LP
BREF_0608_LP,LP
BREF_0609_LP,LP
BREF_0617_LP,LP
BREF_0618_LP,LP
BREF_0619_LP,LP
BREF_0620_LP,LP
BREF_0630_LP,LP
BREF_0631_LP,LP
BREF_0632_VT,VT
BREF_0644_LP,LP
BREF_0645_LP,LP
BREF_0646_LP,LP
BREF_0647_LP,LP
BREF_0656_LP,LP
BREF_0661_LP,LP
BREF_0662_LP,LP
BREF_0663_VT,VT
BREF_0664_LP,LP
BREF_0665_LP,LP
BREF_0675_LP,LP
BREF_0681_LP,LP
BREF_0682_LP,LP
BREF_0683_LP,LP
BREF_0684_VT,VT
BREF_0685_LP,LP
BREF_0686_LP,LP
BREF_0697_LP,LP
BREF_0698_LP,LP
BREF_0699_LP,LP
BREF_0700_LP,LP
BREF_0701_VT,VT
BREF_0702_LP,LP
BREF_0703_LP,LP
